created_at,post_type,post_id,url,reply_to,impressions,likes,comments,retweets,bookmarks,quotes,content,media_links,external_links,note
2026-06-12T08:14:56.000Z,unclassified,2065347103417897423,https://x.com/aleabitoreddit/status/2065347103417897423,,376659,439,72,23,167,0,"So doing research into some random $TSM, SK Hynix,…",,,DOM-only row without reply/top-level evidence
2026-06-12T08:22:26.000Z,unclassified,2065348990703661373,https://x.com/aleabitoreddit/status/2065348990703661373,,20063,125,6,2,16,0,,,,DOM-only row without reply/top-level evidence
2026-06-12T08:31:08.000Z,unclassified,2065351180314955924,https://x.com/aleabitoreddit/status/2065351180314955924,,338875,585,253,76,130,0,"Bro I still can't believe Japan's WF6 supply chain got shut down from China export controls.

Which affects 
$TSM
, Samsung, and SK Hynix. 

Are we really playing global supply chain warfare and game theory over AI supremacy? 

Japan probably has the most amount of obscure",photo: https://pbs.twimg.com/media/HKmZAJ6aEAA-OxM?format=jpg&name=medium: https://pbs.twimg.com/media/HKmZAJ6aEAA-OxM?format=jpg&name=medium,,DOM-only row without reply/top-level evidence
2026-06-12T08:47:35.000Z,unclassified,2065355321338630384,https://x.com/aleabitoreddit/status/2065355321338630384,,28300,122,18,3,26,0,"Japan can just stop NCI/Rasa from shipping red phosphorous over to China and cripple the photonics supply chain... 

Or certain furnaces/machines from Ulvac and cripple the robotics buildout...

That's why I say it's a slippery slope. There's so many different chokepoints each",,,DOM-only row without reply/top-level evidence
2026-06-12T08:48:36.000Z,unclassified,2065355577191243893,https://x.com/aleabitoreddit/status/2065355577191243893,,23036,70,9,0,4,0,"I don't think there's going to be direct military confrontation due to nukes nowadays. 

Just a bunch of indirect proxy wars or supply chain warfare.",,,DOM-only row without reply/top-level evidence
2026-06-12T14:00:28.000Z,unclassified,2065434058474307866,https://x.com/aleabitoreddit/status/2065434058474307866,,629842,1240,205,76,67,0,"All the 
$SNDK
 short sellers went extinct.

Can’t believe it’s almost $2000 now?

That aside feels like everyone is just waiting for the 
$SPCX
 IPO in a few hours.
Can all the $SNDK short sellers at $500 come out now? 

I know there were a bunch on X

Sandisk ER Reported Q3 guide: 

- Sales $4.6B vs. est $2.9B 
- EPS $13.00 vs. est $4.21 (lol this is why)  x.com/zoomyzoomm/sta…","photo: https://pbs.twimg.com/media/HKnlU8ObIAA5R5f?format=jpg&name=medium: https://pbs.twimg.com/media/HKnlU8ObIAA5R5f?format=jpg&name=medium
photo: https://pbs.twimg.com/media/G_3NTqDbUAAtVlu?format=jpg&name=360x360: https://pbs.twimg.com/media/G_3NTqDbUAAtVlu?format=jpg&name=360x360",,DOM-only row without reply/top-level evidence
2026-06-12T15:06:12.000Z,unclassified,2065450603623653587,https://x.com/aleabitoreddit/status/2065450603623653587,,28269,328,9,14,7,0,Wow it’s cool to see $SIVE on CNBC now! I’m surprised it’s up there lol,,,DOM-only row without reply/top-level evidence
2026-06-13T11:27:47.000Z,reply,2065758024896037020,https://x.com/aleabitoreddit/status/2065758024896037020,@aleabitoreddit / unknown,422250,791,119,51,279,0,"Are Korean mothers naturally this impressive?  
It's truly astonishing that your mother grasped the supply chain disruptions stemming from the third-order effects of WF6.

The fact that, due to China's export controls on tungsten to Japan,  
a shortage of precursors and cost
I just heard my mom already bought this because price was cheap so she can buy a lot",,,
2026-06-13T12:53:13.000Z,unclassified,2065779524248510758,https://x.com/aleabitoreddit/status/2065779524248510758,,331774,1331,266,67,112,0,"It’s been officially 3 months since I posted my $SIVE long thesis back at 4 SEK.

This idea is now up ~1900%… 

With many US institutions from JPM to Fidelity only recently entering positions.

Probably my 2nd greatest thesis of all time after 
$AXTI
.

Did you listen anon?",photo: https://pbs.twimg.com/media/HKsfhkLboAAbrlF?format=jpg&name=medium: https://pbs.twimg.com/media/HKsfhkLboAAbrlF?format=jpg&name=medium,,DOM-only row without reply/top-level evidence
2026-06-13T21:26:19.000Z,unclassified,2065908647981699572,https://x.com/aleabitoreddit/status/2065908647981699572,,11983,149,6,5,15,0,"I personally like $SIVE, usually the same names keep on compounding like 
$SNDK
 if they’re important to AI?

I’m not selling a share, since it looks like we’re only at the start of the next supercycle.",,,DOM-only row without reply/top-level evidence
2026-06-13T21:27:12.000Z,unclassified,2065908871898808736,https://x.com/aleabitoreddit/status/2065908871898808736,,8140,106,4,3,8,0,"It’s for Nasdaq listing liquidity requirements and M&A, very positive since I want to see $SIVE trade on US markets.",,,DOM-only row without reply/top-level evidence
2026-06-13T22:51:12.000Z,unclassified,2065930011023204509,https://x.com/aleabitoreddit/status/2065930011023204509,,351136,2149,445,192,379,0,"If I had to stereotype my X experiences with markets:

China : set on cloning me with AI, can only think of trades in short term timeframes from A-shares PTSD.

America :  bullish on anything futuristic like 
$SPCX
, don’t care about valuations

Europe : from $SIVE to $SOI,",,,DOM-only row without reply/top-level evidence
2026-06-14T01:43:24.000Z,unclassified,2065973347897557093,https://x.com/aleabitoreddit/status/2065973347897557093,,137406,492,130,5,16,0,Do people in Sweden have a hard time making plans for lunch a day in advance?,,,DOM-only row without reply/top-level evidence
2026-06-14T02:19:51.000Z,unclassified,2065982517992452441,https://x.com/aleabitoreddit/status/2065982517992452441,,15100,104,9,1,2,0,"Local swedish markets are not very forward looking, so it’s understandable if this is the same with day to day life.",,,DOM-only row without reply/top-level evidence
